,alpha,beta,threshold,upper_bound,f1_score
0,0.0,1.0,0.0,9,0.22841225626740946
1,0.1,0.9,0.129,5,0.8
2,0.2,0.8,0.202,4,0.7951807228915663
3,0.3,0.7,0.201,4,0.8
4,0.4,0.6,0.279,7,0.7804878048780488
5,0.5,0.5,0.34600000000000003,5,0.8292682926829268
6,0.6,0.4,0.588,2,0.7659574468085106
7,0.6,0.5,0.14200000000000002,7,0.7619047619047619
8,0.6,0.6,0.5760000000000001,2,0.7692307692307693
9,0.7,0.3,0.683,2,0.8
10,0.7,0.4,0.597,2,0.8433734939759037
11,0.7,0.5,0.279,4,0.8395061728395061
12,0.7,0.6,0.5660000000000001,5,0.85
13,0.7,0.7,0.496,2,0.8192771084337349
14,0.8,0.2,0.614,2,0.7816091954022989
15,0.8,0.4,0.791,2,0.8095238095238095
16,0.8,0.5,0.8240000000000001,1,0.8292682926829268
17,0.8,0.6,0.197,5,0.8292682926829268
18,0.8,0.7,0.315,5,0.7659574468085106
19,0.8,0.8,0.263,5,0.8205128205128205
20,0.9,0.1,0.778,2,0.8
21,0.9,0.4,0.154,6,0.8
22,0.9,0.5,0.146,6,0.8205128205128205
23,0.9,0.6,0.5710000000000001,2,0.8311688311688312
24,0.9,0.7,0.421,2,0.7951807228915663
25,0.9,0.8,0.623,2,0.8205128205128205
26,0.9,0.9,0.261,3,0.8205128205128205
